lastName, firstName, phoneNumber, email, password
, Phu, 0567432891, quiphu@ou.edu.vn, 52Phu57Qui 
Qui, , 0567432891, quiphu@ou.edu.vn, 52Phu57Qui 
Qui, Phu, , quiphu@ou.edu.vn, 52Phu57Qui 
Qui, Phu, 0567432891, , 52Phu57Qui
Qui, Phu, 0567432891, quiphu@ou.edu.vn,
, , , ,
Qui, Phu, 056, qui@ou.edu.vn, 52Phu57Qui 
Qui, Phu, 0123567432891, qui@ou.edu.vn, 52Phu57Qui 
Qui, Phu, 567432891, qui@ou.edu.vn, 52Phu57Qui 
Qui, Phu, 0567432891, quiphuou.edu.vn, 52Phu57Qui 
Qui, Phu, 0567432891, @ou.edu.vn, 52Phu57Qui 
Qui, Phu, 0567432891, quiphu@, 52Phu57Qui 
Qui, Phu, 0567432891, 2151050334@ou.edu.vn, 52Phu57Qui
Qui, Phu, 0567432891, quiphu@ou.edu.vn, 52Phu 
Qui, Phu, 0567432891, quiphu@ou.edu.vn, 52Phu57Qui52Phu57Qui52Phu57Qui52Phu57Qui52Phu57Quiii